"ID","T_cells_MCPcounter","CD8_T_cells_MCPcounter","Cytotoxic_lymphocytes_MCPcounter","B_lineage_MCPcounter","NK_cells_MCPcounter","Monocytic_lineage_MCPcounter","Myeloid_dendritic_cells_MCPcounter","Neutrophils_MCPcounter","Endothelial_cells_MCPcounter","Fibroblasts_MCPcounter"
"E250042049_L01_250204001325020400131AA039B39J16",51.3603283092857,111.9671936,139.019816374,1379.18765247556,17.3335163544444,252.702023435714,15.6554086566667,103.115467045,33.6733615974333,203.71863531
"E250042049_L01_250204001825020400181AA037B39J16",79.5096559164286,45.30180623,120.745332180429,3512.12239952222,3.561730515,406.014598957143,28.1554468766667,252.143858510786,100.687296695533,1351.64325699875
"E250042125_L01_250204001025020400101AA046B39J21",42.7603735753571,7.229347449,38.5110176814286,1710.121553,2.60896633666667,276.465904931429,8.92854206,146.169338845,36.2465747795333,1008.55567515913
"E250042125_L01_250204002125020400211AA036B39J21",29.3292754842857,12.08739043,33.0016125,29.4816999494444,6.70184116011111,134.931078543571,7.07065816583333,229.430836704286,169.000247938333,3629.9724923125
"E250042125_L01_250204002425020400241AA035B39J21",5.67648701357143,5,18.4248378428571,7.74146805288889,0.555555555555556,48.811793911,3.337535535,11.6195097710714,20.7950358575,862.0482913575
"E250042125_L01_250204002625020400261AA033B39J21",5.177608917,2.101282351,16.5894868571429,7.15839526111111,1.56944444444444,30.7503607155714,3.16666666666667,7.70744939814286,7.41391312873333,11.219175894375
"E250042125_L01_250204002725020400271AA032B39J21",14.422115135,12.03085016,28.6630884242857,648.414129233333,0.444444444444444,138.445557640286,4.68432479666667,75.5785362144286,42.3123745704,420.2080612075
"E250042428_L01_250204003825020400381AA044B39J41",21.5170740866429,4.957957333,22.17850914,327.165836522222,1.29701920866667,139.198145842857,2.36808171833333,47.2087175562857,34.3685506126333,1335.90309022625
"E250042428_L01_250204003925020400391AA043B39J43",60.02325401,19.54392522,31.2550567371429,1442.22282183778,3.09829575355556,111.18117442,6.56801934166667,90.6818480485714,59.6749169372667,331.2440607325
"E250042449_L01_250204004525020400451AA029B39J29",45.01678495,18.79542996,24.5205072314286,1271.86910226667,3.44737182677778,83.9519521214286,5.98488501166667,57.6864456719286,8.67871471306667,31.10623531125
"E250042452_L01_250204002925020400291AA039B39J20",40.2368462231429,18.93722817,52.2857354,5526.21783566667,4.60359033033333,175.583534331429,5.815472005,53.8960611507143,39.2661619126667,2114.16974216325
"E250042452_L01_250204003125020400311AA038B39J20",22.3610851237143,1.512822166,20.1629402257143,407.815986896667,1.18975056555556,86.6784970042857,3.88678939416667,36.8377444872143,17.9584235111333,473.521009919625
"E250042452_L01_250204003425020400341AA037B39J20",42.1224075025714,39.97815542,53.0862216342857,2593.50108256667,2.82848807633333,154.673620471429,19.2688008456667,149.740431312429,65.7792606295333,1378.40011363887
"E250042452_L01_250204003725020400371AA034B39J20",108.024473246429,46.69190713,95.9732157242857,1297.41446817778,16.0433700238889,345.919874585714,23.5696782416667,265.674300187143,341.7538816403,3039.4810054425
"E250042452_L01_250204004025020400401AA033B39J20",18.8789870373571,24.86669557,20.3923217718571,514.549012211111,1.04828385688889,69.8198026457143,2.53198292166667,50.5577757337143,24.6444646952667,320.11188315075
"E250042452_L01_250204004125020400411AA032B39J20",23.3859047681429,14.53743873,61.3368143742857,1618.91013188778,2.94438021377778,151.707133077143,7.976956295,150.947194785429,162.598012912667,2018.8576157375
"E250046465_L01_250204001125020400111AA046B39J27",12.8491450725,12.07640269,20.8020273668571,667.236849522222,1.54101672588889,86.537331759,5.75176187833333,48.9959205154286,18.3084212780667,891.85940957725
"E250046465_L01_250204001525020400151AA045B39J27",48.1792741917143,2,43.7077509328571,782.146381414444,5.60512671411111,273.22452156,16.0312502983333,178.390053284286,62.2155467462333,1220.22838594475
"E250046465_L01_250204003025020400301AA036B39J27",354.315709175,98.92422877,180.964594032429,4568.74997739111,8.17966584444444,488.346677962857,19.27560967,802.608019454286,97.8367099326667,1046.664412085
"E250046465_L01_250204003325020400331AA034B39J27",125.638151572143,294.1065801,343.821758240714,422.945906112222,2.79692878011111,392.6820911,25.9214461,116.706786326429,56.9078927623333,2417.49229798463
"E250046465_L01_250204004325020400431AA039B39J27",12.7710513380714,10.49346928,42.2138240285714,1908.22474922222,4.59320795288889,171.104963,15.4230597733333,129.493463057429,61.0569374098,182.445244175
"E250046465_L01_250204004425020400441AA030B39J27",279.771177685,136.8764708,227.565255618,2545.50723712222,9.83570251633333,646.861984414286,43.1983657016667,181.072132081429,80.2527773856667,532.88072389875
"E250046485_L01_250204002825020400281AA037B39J28",45.98734619,65.34374785,68.1647311271429,466.832595717778,1.84189861088889,88.0786456828571,4.60465079183333,48.7291370713571,33.4902844547333,302.26246908125
"E250046485_L01_250204003225020400321AA035B39J28",84.1423002392857,21.96042656,48.1726884957143,5013.29863898333,11.0093747005556,344.263603651429,161.464043485,83.3893996115714,213.68351615,1801.8121037975
"E250046485_L01_250204003525020400351AA041B39J28",407.443000871429,285.0852769,214.450996918143,2101.25127116667,11.5538647075444,745.216566971429,84.6712165216667,310.887464350714,301.8356078277,1187.73974071125
"E250046485_L01_250204003625020400361AA040B39J28",15.0238913337857,0,39.140822755,2129.13557257778,3.05949873488889,125.024287028,3.807311265,112.498829873214,23.1931248766667,165.078455615
"E250046485_L01_250204004225020400421AA031B39J28",319.688373345,164.5929993,168.831955711143,3337.41051811111,12.7946909941111,575.291994271429,40.071614,288.764116837857,159.684296744,391.085671145
"R.C1CR.JSL",251.586662107143,169.9827432,315.108060158571,23633.3435274444,19.7872817662222,2256.20761937143,119.774022066667,399.589667753571,271.405891163,2785.02073138125
"R.C2CR.SY",59.9705558973571,13.67664238,154.461806023,1972.84857567556,28.0245027491111,492.660316151429,24.18784895,506.530934991429,452.698122342,5366.9272479675
"R.C2CR.SYZ",284.289616925714,136.5786131,278.446004258571,15757.3397935933,17.4255585114444,3767.32709162857,446.011024833333,302.146758999286,241.968760978333,4171.5062373775
"R.C2CR.WRN",137.699669767857,107.4196781,227.510407328143,8708.58378922222,16.2116575197778,947.710612114286,83.3253052833333,682.150802059286,243.145518874333,936.8785263875
"R.C2CR.ZJB",175.701951152143,66.37146305,259.152127892857,8695.11593147778,41.8038706306667,1236.02341231429,126.681924933333,767.304020473571,286.92282384,3363.101315175
"R.C2CR.ZJP",192.42658795,117.1873945,448.288239867143,9842.69793866667,36.5599850873333,2896.4634073,125.38077885,530.409402247143,314.259223274,7960.781998175
"R.C2PD.WXN",88.47330064,50.02100527,182.134742515429,9629.29829466667,15.8609321186667,957.716272442857,49.0984550333333,734.0926985675,197.807807323333,1962.5114649125
"R.C2PR.AKX",225.298620711429,158.7913606,333.702730967143,9558.61890204333,19.9408171315556,2800.55296147143,105.62073645,375.059982655714,243.612113312,5180.78099471375
"R.C2PR.CYF",229.44845869,287.6535451,484.899888171429,12761.6346267778,23.7578678401111,1163.95282387143,93.3802334166667,432.967475083571,370.156117412,16003.325226
"R.C2PR.CYP",253.421356235714,180.3142708,368.540534026857,3558.01568667222,25.5953825,1374.12270758571,102.487729366667,553.337137351429,206.751794565667,1984.93060793625
"R.C2PR.WY",368.554522556429,75.87967285,221.095664623429,7157.14218272222,38.8525983884444,1546.30435781429,184.558004716667,675.231421045714,451.212294062667,24296.0556517875
"R.C2PR.ZJ",87.0035836728571,38.90478916,154.201004084143,12657.8836636667,10.7667130362222,823.761935528571,45.1824385333333,546.557153721143,225.528285258667,1489.61670733875
"R.C2PR.ZXN",252.16573082,96.49422553,205.412995165429,23395.2511831111,52.6437891884444,1138.2902091,72.78720455,582.027952607857,826.972572958333,3858.9169947375
"R.C2PR.ZZL",422.320674585714,407.5559945,600.938082981429,4168.62782551444,19.9185970154444,5332.30504972857,366.7017875,543.988647577143,297.04164901,18844.9550166063
"R.C2PR.ZZS",107.138391385,85.02871085,245.651027730714,2314.12609591889,22.5939992635556,959.017571428572,84.2657500833333,621.374107709071,121.008209075667,732.6019432525
"R.C2SD.FGD",162.021110514286,80.11749598,304.510204903,11536.7277085556,170.177076895556,1887.3831084,246.818254,479.175418672143,410.273509963333,11113.012116225
"R.C2SD.LL",76.5030290962857,60.59054999,229.61734849,5200.43904177778,22.2154512982222,1095.97157574286,45.9460859333333,722.327823568571,242.954077663667,5611.1271885025
"R.C3CR.JTL",255.829305042857,114.6622542,337.768917661429,51659.7426443333,30.8890959567778,2247.34505298571,235.374377833333,299.188899860714,290.481159049333,2007.243959475
"R.C3CR.SW",257.214302350714,87.87165621,238.505428265286,4932.08531084444,37.69143135,2858.28764507143,494.573005833333,422.706704955714,338.644092276667,14240.2637332038
"R.C3CR.WXD",158.054601940714,121.4744426,462.684984985714,9560.46864577778,28.6857505548889,1431.42860927143,63.47624895,451.230884857786,166.18730198,3955.6599012975
"R.C3PR.SYT",112.817363482857,59.65556877,145.087441457143,25051.347097,161.915572110556,1402.10212798571,129.068462433333,323.530745883571,201.905231554667,2174.9964030375
"R.C3PR.YWY",132.781571701786,41.10446371,154.18893991,211.103316474444,22.2344277855556,1243.16969255286,119.7003401,825.8542051,705.122824009,34541.6838230375
"R.C3PR.ZHB",171.180416123571,27.15303811,172.297043456571,9276.54153333333,21.6158179861111,3051.83567398571,101.78286035,363.467005976429,307.224316985667,13684.5312435125
"R.C3PR.ZZ",1157.23478784286,346.0683312,548.358263267857,32021.0976824967,36.5419726163333,4624.76193514286,592.594885,756.323606423571,1161.39473062633,9776.58846475125
"R.U.GSG",504.994043857143,212.0148903,419.062593011857,29278.7613417778,20.5215888994444,2088.80586098571,96.43242325,404.300477236929,297.580214796,5588.06832309375
"R.U.LJS",125.611129277143,98.14910502,331.927994381429,9634.71866466667,16.3743502108889,836.6835389,54.9565623166667,549.480631167143,196.851157838333,3232.0001275125
"R.U.WYF",961.686544707143,522.3750237,434.532413947143,11880.9299086667,19.0823565357778,2163.74003792857,172.998149033333,608.106315351786,405.175980358667,3207.2760593275
"R.U.XHB",121.219333976429,26.50420257,345.855515064286,10136.1899595411,26.5312793262222,1068.43912678571,77.0543787666667,425.5507683065,275.473292565333,4060.1936852125
"R.U.ZCF",102.433501506429,81.59819709,188.351035341429,4100.82489072556,31.8977474855556,1418.97915435714,113.108494033333,548.997447651429,391.572116556,9935.48227075375
"R.U.ZYL",427.310986978571,622.9927911,947.519780545714,4983.49344344444,23.6400090545556,4342.45837345714,196.67598885,719.192952093571,314.740470002333,1070.15558695
